{"start_time": 1501529027.164445, "run_status": "error", "end_time": 1501529027.326087}